{
	"left":[
	[37.747855, -122.494316],
	[37.749721, -122.494444],
	[37.750287, -122.481602],
	[37.751579, -122.494580],
	[37.753476, -122.494715],
	[37.755314, -122.494842],
	[37.757181, -122.494973],
	[37.759038, -122.495103]],
	"right":[
	[37.748614, -122.477106],
	[37.750101, -122.485816],
	[37.750485, -122.477239],
	[37.752345, -122.477406],
	[37.754192, -122.477524],
	[37.756077, -122.477662],
	[37.757949, -122.477801],
	[37.759810, -122.477932]],
	"top":[
	[37.759093, -122.493988],
	[37.759145, -122.492917],
	[37.759189, -122.491845],
	[37.759235, -122.490771],
	[37.759280, -122.489700],
	[37.759327, -122.488628],
	[37.759375, -122.487560],
	[37.759422, -122.486489],
	[37.759470, -122.485417],
	[37.759517, -122.484345],
	[37.759570, -122.483272],
	[37.759617, -122.482221],
	[37.759655, -122.481149],
	[37.759711, -122.480088],
	[37.759762, -122.479009],
	[37.759810, -122.477933]],
	"bottom":[
	[37.747878, -122.493194],
	[37.747921, -122.492134],
	[37.747967, -122.491059],
	[37.748014, -122.489986],
	[37.748062, -122.488918],
	[37.748108, -122.487854],
	[37.748156, -122.486779],
	[37.748206, -122.485703],
	[37.751985, -122.484914],
	[37.752028, -122.483824],
	[37.752069, -122.482748],
	[37.748391, -122.481428],
	[37.748438, -122.480359],
	[37.748487, -122.479288],
	[37.748535, -122.478209],
	[37.748579, -122.477140]]
}